domain,metric,pearson_r,p_value
product,rotation,0.06331846998002225,0.15661219139183402
register,rotation,-0.09653505264406602,0.7031643170322591
